question,topic,difficulty
Two Sum,Array,Easy
Best Time to Buy and Sell Stock,Array,Easy
Product of Array Except Self,Array,Medium
Maximum Subarray,Array,Medium

Reverse Linked List,Linked List,Easy
Merge Two Sorted Lists,Linked List,Easy
LRU Cache,Linked List,Hard

Binary Tree Inorder Traversal,Tree,Easy
Maximum Depth of Binary Tree,Tree,Easy
Binary Tree Level Order Traversal,Tree,Medium
Lowest Common Ancestor,Tree,Medium

Number of Islands,Graph,Medium
Clone Graph,Graph,Medium
Course Schedule,Graph,Medium
Word Ladder,Graph,Hard

Climbing Stairs,DP,Easy
House Robber,DP,Medium
Coin Change,DP,Medium
Longest Increasing Subsequence,DP,Hard

Longest Substring Without Repeating Characters,Sliding Window,Medium
Minimum Window Substring,Sliding Window,Hard

Valid Parentheses,Stack,Easy
Min Stack,Stack,Medium

Binary Search,Binary Search,Easy
Search in Rotated Sorted Array,Binary Search,Medium

Top K Frequent Elements,Heap,Medium
Find Median from Data Stream,Heap,Hard